session,matchId,week,home,away,winner,loserBalls,forfeit,spotHome,spotAway
fall-2026,fall-2026-w1-1,1,zach,sharlee,zach,5,0,,
fall-2026,fall-2026-w1-1,1,zach,sharlee,sharlee,2,0,,
fall-2026,fall-2026-w1-1,1,zach,sharlee,zach,-2,0,,
fall-2026,fall-2026-w1-1,1,zach,sharlee,zach,4,0,,
fall-2026,fall-2026-w1-2,1,jay,paul,jay,-1,0,,
fall-2026,fall-2026-w1-2,1,jay,paul,jay,1,0,,
fall-2026,fall-2026-w1-2,1,jay,paul,paul,4,0,,
fall-2026,fall-2026-w1-2,1,jay,paul,jay,2,0,,
fall-2026,fall-2026-w1-3,1,brendan,chrisco,brendan,3,0,,
fall-2026,fall-2026-w1-3,1,brendan,chrisco,brendan,3,0,,
fall-2026,fall-2026-w1-3,1,brendan,chrisco,brendan,4,0,,
fall-2026,fall-2026-w1-4,1,wiley,lucas,lucas,6,0,,
fall-2026,fall-2026-w1-4,1,wiley,lucas,wiley,1,0,,
fall-2026,fall-2026-w1-4,1,wiley,lucas,wiley,2,0,,
fall-2026,fall-2026-w1-4,1,wiley,lucas,wiley,2,0,,
fall-2026,fall-2026-w2-1,2,zach,paul,paul,3,0,,
fall-2026,fall-2026-w2-1,2,zach,paul,zach,3,0,,
fall-2026,fall-2026-w2-1,2,zach,paul,zach,1,0,,
fall-2026,fall-2026-w2-1,2,zach,paul,paul,4,0,,
fall-2026,fall-2026-w2-1,2,zach,paul,paul,-1,0,,
fall-2026,fall-2026-w1-5,1,ryan,chad,ryan,6,0,,
fall-2026,fall-2026-w1-5,1,ryan,chad,ryan,1,0,,
fall-2026,fall-2026-w1-5,1,ryan,chad,ryan,2,0,,
fall-2026,fall-2026-w1-6,1,jesse,jeff,jesse,0,0,,
fall-2026,fall-2026-w1-6,1,jesse,jeff,jeff,5,0,,
fall-2026,fall-2026-w1-6,1,jesse,jeff,jesse,1,0,,
fall-2026,fall-2026-w1-6,1,jesse,jeff,jeff,5,0,,
fall-2026,fall-2026-w1-6,1,jesse,jeff,jeff,7,0,,
fall-2026,fall-2026-w1-7,1,josh,thomas,thomas,3,0,,
fall-2026,fall-2026-w1-7,1,josh,thomas,josh,2,0,,
fall-2026,fall-2026-w1-7,1,josh,thomas,thomas,2,0,,
fall-2026,fall-2026-w1-7,1,josh,thomas,josh,1,0,,
fall-2026,fall-2026-w1-7,1,josh,thomas,thomas,1,0,,
fall-2026,fall-2026-w2-2,2,sharlee,lucas,lucas,0,0,,
fall-2026,fall-2026-w2-2,2,sharlee,lucas,lucas,1,0,,
fall-2026,fall-2026-w2-2,2,sharlee,lucas,sharlee,0,0,,
fall-2026,fall-2026-w2-2,2,sharlee,lucas,lucas,1,0,,
fall-2026,fall-2026-w2-3,2,dave,chrisco,dave,3,0,,
fall-2026,fall-2026-w2-3,2,dave,chrisco,dave,-2,0,,
fall-2026,fall-2026-w2-3,2,dave,chrisco,dave,2,0,,
fall-2026,fall-2026-w2-4,2,brendan,jeff,jeff,6,0,,
fall-2026,fall-2026-w2-4,2,brendan,jeff,jeff,2,0,,
fall-2026,fall-2026-w2-4,2,brendan,jeff,jeff,2,0,,
fall-2026,fall-2026-w2-5,2,jesse,ryan,ryan,5,0,,
fall-2026,fall-2026-w2-5,2,jesse,ryan,jesse,5,0,,
fall-2026,fall-2026-w2-5,2,jesse,ryan,ryan,5,0,,
fall-2026,fall-2026-w2-5,2,jesse,ryan,ryan,7,0,,
fall-2026,fall-2026-w2-6,2,jay,thomas,thomas,6,0,,
fall-2026,fall-2026-w2-6,2,jay,thomas,jay,5,0,,
fall-2026,fall-2026-w2-6,2,jay,thomas,thomas,6,0,,
fall-2026,fall-2026-w2-6,2,jay,thomas,thomas,6,0,,
fall-2026,fall-2026-w2-7,2,wiley,josh,wiley,2,0,,
fall-2026,fall-2026-w2-7,2,wiley,josh,wiley,0,0,,
fall-2026,fall-2026-w2-7,2,wiley,josh,wiley,4,0,,
fall-2026,fall-2026-w3-1,3,paul,thomas,thomas,2,0,,
fall-2026,fall-2026-w3-1,3,paul,thomas,thomas,2,0,,
fall-2026,fall-2026-w3-1,3,paul,thomas,paul,7,0,,
fall-2026,fall-2026-w3-1,3,paul,thomas,thomas,3,0,,
fall-2026,fall-2026-w2-8,2,jason,chad,chad,5,0,,
fall-2026,fall-2026-w2-8,2,jason,chad,jason,3,0,,
fall-2026,fall-2026-w2-8,2,jason,chad,chad,6,0,,
fall-2026,fall-2026-w2-8,2,jason,chad,jason,2,0,,
fall-2026,fall-2026-w2-8,2,jason,chad,jason,3,0,,
fall-2026,fall-2026-w3-2,3,dave,chad,dave,0,0,,
fall-2026,fall-2026-w3-2,3,dave,chad,chad,2,0,,
fall-2026,fall-2026-w3-2,3,dave,chad,chad,6,0,,
fall-2026,fall-2026-w3-2,3,dave,chad,chad,1,0,,
fall-2026,fall-2026-w3-3,3,jay,wiley,wiley,4,0,,
fall-2026,fall-2026-w3-3,3,jay,wiley,jay,6,0,,
fall-2026,fall-2026-w3-3,3,jay,wiley,jay,4,0,,
fall-2026,fall-2026-w3-3,3,jay,wiley,jay,5,0,,
fall-2026,fall-2026-w3-4,3,zach,lucas,zach,4,0,,
fall-2026,fall-2026-w3-4,3,zach,lucas,lucas,3,0,,
fall-2026,fall-2026-w3-4,3,zach,lucas,lucas,4,0,,
fall-2026,fall-2026-w3-4,3,zach,lucas,zach,7,0,,
fall-2026,fall-2026-w3-4,3,zach,lucas,lucas,6,0,,
fall-2026,fall-2026-w3-5,3,chrisco,jeff,jeff,2,0,,
fall-2026,fall-2026-w3-5,3,chrisco,jeff,jeff,5,0,,
fall-2026,fall-2026-w3-5,3,chrisco,jeff,jeff,5,0,,
fall-2026,fall-2026-w3-6,3,brendan,ryan,ryan,2,0,,
fall-2026,fall-2026-w3-6,3,brendan,ryan,ryan,1,0,,
fall-2026,fall-2026-w3-6,3,brendan,ryan,ryan,6,0,,
fall-2026,fall-2026-w4-1,4,paul,wiley,wiley,-1,0,,
fall-2026,fall-2026-w4-1,4,paul,wiley,paul,2,0,,
fall-2026,fall-2026-w4-1,4,paul,wiley,wiley,0,0,,
fall-2026,fall-2026-w4-1,4,paul,wiley,wiley,1,0,,
fall-2026,fall-2026-w4-2,4,dave,jeff,dave,3,0,,
fall-2026,fall-2026-w4-2,4,dave,jeff,dave,-3,0,,
fall-2026,fall-2026-w4-2,4,dave,jeff,dave,-1,0,,
fall-2026,fall-2026-w4-3,4,sharlee,jay,jay,0,0,,
fall-2026,fall-2026-w4-3,4,sharlee,jay,jay,3,0,,
fall-2026,fall-2026-w4-3,4,sharlee,jay,sharlee,7,0,,
fall-2026,fall-2026-w4-3,4,sharlee,jay,jay,0,0,,
fall-2026,fall-2026-w4-4,4,zach,thomas,thomas,0,0,,
fall-2026,fall-2026-w4-4,4,zach,thomas,thomas,1,0,,
fall-2026,fall-2026-w4-4,4,zach,thomas,zach,5,0,,
fall-2026,fall-2026-w4-4,4,zach,thomas,thomas,2,0,,
fall-2026,fall-2026-w3-7,3,sharlee,josh,josh,1,0,,
fall-2026,fall-2026-w3-7,3,sharlee,josh,sharlee,6,0,,
fall-2026,fall-2026-w3-7,3,sharlee,josh,josh,-3,0,,
fall-2026,fall-2026-w3-7,3,sharlee,josh,josh,2,0,,
fall-2026,fall-2026-w5-1,5,thomas,wiley,thomas,2,0,,
fall-2026,fall-2026-w5-1,5,thomas,wiley,thomas,3,0,,
fall-2026,fall-2026-w5-1,5,thomas,wiley,wiley,2,0,,
fall-2026,fall-2026-w5-1,5,thomas,wiley,wiley,0,0,,
fall-2026,fall-2026-w5-1,5,thomas,wiley,thomas,3,0,,
fall-2026,fall-2026-w4-5,4,brendan,jason,jason,4,0,,
fall-2026,fall-2026-w4-5,4,brendan,jason,jason,4,0,,
fall-2026,fall-2026-w4-5,4,brendan,jason,brendan,6,0,,
fall-2026,fall-2026-w4-5,4,brendan,jason,jason,3,0,,
fall-2026,fall-2026-w4-6,4,chrisco,ryan,ryan,1,0,,
fall-2026,fall-2026-w4-6,4,chrisco,ryan,ryan,0,0,,
fall-2026,fall-2026-w4-6,4,chrisco,ryan,ryan,1,0,,
fall-2026,fall-2026-w5-2,5,zach,josh,josh,3,0,,
fall-2026,fall-2026-w5-2,5,zach,josh,zach,5,0,,
fall-2026,fall-2026-w5-2,5,zach,josh,josh,5,0,,
fall-2026,fall-2026-w5-2,5,zach,josh,zach,5,0,,
fall-2026,fall-2026-w5-2,5,zach,josh,josh,3,0,,
fall-2026,fall-2026-w5-3,5,lucas,jay,lucas,6,0,,
fall-2026,fall-2026-w5-3,5,lucas,jay,jay,3,0,,
fall-2026,fall-2026-w5-3,5,lucas,jay,lucas,2,0,,
fall-2026,fall-2026-w5-3,5,lucas,jay,jay,1,0,,
fall-2026,fall-2026-w5-3,5,lucas,jay,jay,5,0,,
fall-2026,fall-2026-w5-4,5,paul,sharlee,paul,1,0,,
fall-2026,fall-2026-w5-4,5,paul,sharlee,sharlee,4,0,,
fall-2026,fall-2026-w5-4,5,paul,sharlee,sharlee,1,0,,
fall-2026,fall-2026-w5-4,5,paul,sharlee,sharlee,-1,0,,
fall-2026,fall-2026-w5-5,5,jeff,ryan,ryan,2,0,,
fall-2026,fall-2026-w5-5,5,jeff,ryan,ryan,3,0,,
fall-2026,fall-2026-w5-5,5,jeff,ryan,ryan,2,0,,
fall-2026,fall-2026-w6-1,6,thomas,sharlee,sharlee,0,0,,
fall-2026,fall-2026-w6-1,6,thomas,sharlee,thomas,3,0,,
fall-2026,fall-2026-w6-1,6,thomas,sharlee,thomas,2,0,,
fall-2026,fall-2026-w6-1,6,thomas,sharlee,thomas,1,0,,
fall-2026,fall-2026-w6-2,6,dave,ryan,dave,0,0,8,8
fall-2026,fall-2026-w6-2,6,dave,ryan,ryan,7,0,8,8
fall-2026,fall-2026-w6-2,6,dave,ryan,dave,4,0,8,8
fall-2026,fall-2026-w6-2,6,dave,ryan,dave,1,0,8,8
fall-2026,fall-2026-w5-6,5,dave,jesse,dave,1,0,,
fall-2026,fall-2026-w5-6,5,dave,jesse,dave,2,0,,
fall-2026,fall-2026-w5-6,5,dave,jesse,dave,2,0,,
fall-2026,fall-2026-w6-3,6,josh,jay,josh,2,0,,
fall-2026,fall-2026-w6-3,6,josh,jay,jay,4,0,,
fall-2026,fall-2026-w6-3,6,josh,jay,josh,5,0,,
fall-2026,fall-2026-w6-3,6,josh,jay,jay,4,0,,
fall-2026,fall-2026-w6-3,6,josh,jay,jay,3,0,,
fall-2026,fall-2026-w6-4,6,zach,wiley,wiley,4,0,,
fall-2026,fall-2026-w6-4,6,zach,wiley,wiley,2,0,,
fall-2026,fall-2026-w6-4,6,zach,wiley,zach,2,0,,
fall-2026,fall-2026-w6-4,6,zach,wiley,zach,0,0,,
fall-2026,fall-2026-w6-4,6,zach,wiley,zach,3,0,,
fall-2026,fall-2026-w6-5,6,lucas,paul,paul,4,0,,
fall-2026,fall-2026-w6-5,6,lucas,paul,lucas,4,0,,
fall-2026,fall-2026-w6-5,6,lucas,paul,lucas,1,0,,
fall-2026,fall-2026-w6-5,6,lucas,paul,lucas,4,0,,
fall-2026,fall-2026-w6-6,6,jason,jeff,jason,1,0,,
fall-2026,fall-2026-w6-6,6,jason,jeff,jason,2,0,,
fall-2026,fall-2026-w6-6,6,jason,jeff,jason,-1,0,,
fall-2026,fall-2026-w6-7,6,jason,jeff,jason,0,0,,
fall-2026,fall-2026-w6-7,6,jason,jeff,jason,0,0,,
fall-2026,fall-2026-w6-7,6,jason,jeff,jason,0,0,,
